Workbook

Sheet INSTRUCCIONES
A1: PRODE MUNDIAL DE FÚTBOL 2026 - REGLAMENTO
A4: SISTEMA DE PUNTUACIÓN
A5: Resultado Exacto (3 Puntos) | B5: Si aciertas el marcador exacto del partido. Ej: Pronóstico: 2-1 | Real: 2-1
A6: Resultado Parcial (1 Punto) | B6: Si aciertas el ganador o empate, pero no el marcador. Ej: Pronóstico: 3-0 | Real: 1-0
A7: Sin Puntos (0 Puntos) | B7: Si no aciertas el resultado (triunfo local, empate o visitante).
A9: REGLAS DE CIERRE
A10: Bloqueo Automático | B10: Los pronósticos se pueden cargar/editar hasta 1 minuto antes del inicio de cada partido.
A11: Cierre de Planilla | B11: Una vez comenzado el partido, el Estado cambia a 'Cerrado' y los puntos se calcularán automáticamente cuando el administrador ingrese el resultado real.
A13: CRITERIOS DE DESEMPATE
A14: 1. Mayor cantidad de aciertos de 3 puntos (Marcadores exactos).
A15: 2. Más goles totales acertados en toda la fase de grupos.
A16: 3. Partido desempate elegido al inicio del torneo.
A18: ÉTICA Y TRANSPARENCIA
A19: Modificaciones | B19: Nadie puede modificar la planilla después del horario límite. El administrador solo cargará los resultados reales.
A20: Jugadores Habilitados | B20: Esta planilla está configurada para recibir múltiples participantes. Solo debes duplicar o expandir las filas de la pestaña 'PRONÓSTICOS'.

Sheet PARTIDOS
A1: ID | B1: Fecha/Hora CL | C1: Equipo Local | D1: Equipo Visitante | E1: Grupo | F1: Goles Local Real | G1: Goles Visitante Real | H1: Resultado Real | I1: Estado
A2: M01 | B2: 46184.625 | C2: México | D2: Sudáfrica | E2: Grupo A | F2: 2 | G2: 0 | H2: 2-0 | I2: Cerrado
A3: M02 | B3: 46184.917 | C3: Corea del Sur | D3: República Checa | E3: Grupo A | F3: 2 | G3: 1 | H3: 2-1 | I3: Cerrado
A4: M03 | B4: 46185.625 | C4: Canadá | D4: Bosnia y Herzegovina | E4: Grupo B | I4: Abierto
A5: M04 | B5: 46185.875 | C5: EEUU | D5: Paraguay | E5: Grupo D | I5: Abierto
A6: M05 | B6: 46186.625 | C6: Catar | D6: Suiza | E6: Grupo B | I6: Abierto
A7: M06 | B7: 46186.75 | C7: Brasil | D7: Marruecos | E7: Grupo C | I7: Abierto
A8: M07 | B8: 46186.875 | C8: Haití | D8: Escocia | E8: Grupo C | I8: Abierto
A9: M08 | B9: 46187 | C9: Australia | D9: Turquía | E9: Grupo D | I9: Abierto
A10: M09 | B10: 46187.542 | C10: Alemania | D10: Curazao | E10: Grupo E | I10: Abierto
A11: M10 | B11: 46187.667 | C11: Países Bajos | D11: Japón | E11: Grupo F | I11: Abierto
A12: M11 | B12: 46187.792 | C12: Costa de Marfil | D12: Ecuador | E12: Grupo E | I12: Abierto
A13: M12 | B13: 46187.917 | C13: Suecia | D13: Túnez | E13: Grupo F | I13: Abierto
A14: M13 | B14: 46188.5 | C14: España | D14: Cabo Verde | E14: Grupo H | I14: Abierto
A15: M14 | B15: 46188.625 | C15: Bélgica | D15: Egipto | E15: Grupo G | I15: Abierto
... A73: M72 | B73: 46200.917 | C73: Jordania | D73: Argentina | E73: Grupo J | I73: Abierto

Sheet PRONÓSTICOS
A1: Nombre Jugador | B1: ID Partido | C1: Equipo Local | D1: Equipo Visitante | E1: Gol Local Pronós | F1: Gol Visitante Pronós | G1: Resultado Pronós | H1: Puntos
A2: Jugador 1 | B2: M01 | C2: México | D2: EEUU | G2: =IF(OR(ISBLANK(E2),ISBLANK(F2)),"",IF(E2>F2,"Local",IF(E2=F2,"Empate","Visitante"))) | H2: =IF(VLOOKUP(B2,PARTIDOS!$A:$I,9,FALSE)="Cerrado",IF(G2=VLOOKUP(B2,PARTIDOS!$A:$I,8,FALSE),IF(AND(E2=VLOOKUP(B2,PARTIDOS!$A:$I,6,FALSE),F2=VLOOKUP(B2,PARTIDOS!$A:$I,7,FALSE)),3,1),0),"")
A3: Jugador 1 | B3: M02 | C3: Canadá | D3: Jamaica | G3: =IF(OR(ISBLANK(E3),ISBLANK(F3)),"",IF(E3>F3,"Local",IF(E3=F3,"Empate","Visitante"))) | H3: =IF(VLOOKUP(B3,PARTIDOS!$A:$I,9,FALSE)="Cerrado",IF(G3=VLOOKUP(B3,PARTIDOS!$A:$I,8,FALSE),IF(AND(E3=VLOOKUP(B3,PARTIDOS!$A:$I,6,FALSE),F3=VLOOKUP(B3,PARTIDOS!$A:$I,7,FALSE)),3,1),0),"")
A4: Jugador 1 | B4: M03 | C4: México | D4: Canadá | G4: =IF(OR(ISBLANK(E4),ISBLANK(F4)),"",IF(E4>F4,"Local",IF(E4=F4,"Empate","Visitante"))) | H4: =IF(VLOOKUP(B4,PARTIDOS!$A:$I,9,FALSE)="Cerrado",IF(G4=VLOOKUP(B4,PARTIDOS!$A:$I,8,FALSE),IF(AND(E4=VLOOKUP(B4,PARTIDOS!$A:$I,6,FALSE),F4=VLOOKUP(B4,PARTIDOS!$A:$I,7,FALSE)),3,1),0),"")
A5: Jugador 1 | B5: M04 | C5: EEUU | D5: Jamaica | G5: =IF(OR(ISBLANK(E5),ISBLANK(F5)),"",IF(E5>F5,"Local",IF(E5=F5,"Empate","Visitante"))) | H5: =IF(VLOOKUP(B5,PARTIDOS!$A:$I,9,FALSE)="Cerrado",IF(G5=VLOOKUP(B5,PARTIDOS!$A:$I,8,FALSE),IF(AND(E5=VLOOKUP(B5,PARTIDOS!$A:$I,6,FALSE),F5=VLOOKUP(B5,PARTIDOS!$A:$I,7,FALSE)),3,1),0),"")
A6: Jugador 1 | B6: M05 | C6: México | D6: Jamaica | G6: =IF(OR(ISBLANK(E6),ISBLANK(F6)),"",IF(E6>F6,"Local",IF(E6=F6,"Empate","Visitante"))) | H6: =IF(VLOOKUP(B6,PARTIDOS!$A:$I,9,FALSE)="Cerrado",IF(G6=VLOOKUP(B6,PARTIDOS!$A:$I,8,FALSE),IF(AND(E6=VLOOKUP(B6,PARTIDOS!$A:$I,6,FALSE),F6=VLOOKUP(B6,PARTIDOS!$A:$I,7,FALSE)),3,1),0),"")
A7: Jugador 1 | B7: M06 | C7: EEUU | D7: Canadá | G7: =IF(OR(ISBLANK(E7),ISBLANK(F7)),"",IF(E7>F7,"Local",IF(E7=F7,"Empate","Visitante"))) | H7: =IF(VLOOKUP(B7,PARTIDOS!$A:$I,9,FALSE)="Cerrado",IF(G7=VLOOKUP(B7,PARTIDOS!$A:$I,8,FALSE),IF(AND(E7=VLOOKUP(B7,PARTIDOS!$A:$I,6,FALSE),F7=VLOOKUP(B7,PARTIDOS!$A:$I,7,FALSE)),3,1),0),"")
A8: Jugador 1 | B8: M07 | C8: Argentina | D8: Brasil | G8: =IF(OR(ISBLANK(E8),ISBLANK(F8)),"",IF(E8>F8,"Local",IF(E8=F8,"Empate","Visitante"))) | H8: =IF(VLOOKUP(B8,PARTIDOS!$A:$I,9,FALSE)="Cerrado",IF(G8=VLOOKUP(B8,PARTIDOS!$A:$I,8,FALSE),IF(AND(E8=VLOOKUP(B8,PARTIDOS!$A:$I,6,FALSE),F8=VLOOKUP(B8,PARTIDOS!$A:$I,7,FALSE)),3,1),0),"")
A9: Jugador 1 | B9: M08 | C9: Colombia | D9: Uruguay | G9: =IF(OR(ISBLANK(E9),ISBLANK(F9)),"",IF(E9>F9,"Local",IF(E9=F9,"Empate","Visitante"))) | H9: =IF(VLOOKUP(B9,PARTIDOS!$A:$I,9,FALSE)="Cerrado",IF(G9=VLOOKUP(B9,PARTIDOS!$A:$I,8,FALSE),IF(AND(E9=VLOOKUP(B9,PARTIDOS!$A:$I,6,FALSE),F9=VLOOKUP(B9,PARTIDOS!$A:$I,7,FALSE)),3,1),0),"")
A10: Jugador 1 | B10: M09 | C10: Argentina | D10: Colombia | G10: =IF(OR(ISBLANK(E10),ISBLANK(F10)),"",IF(E10>F10,"Local",IF(E10=F10,"Empate","Visitante"))) | H10: =IF(VLOOKUP(B10,PARTIDOS!$A:$I,9,FALSE)="Cerrado",IF(G10=VLOOKUP(B10,PARTIDOS!$A:$I,8,FALSE),IF(AND(E10=VLOOKUP(B10,PARTIDOS!$A:$I,6,FALSE),F10=VLOOKUP(B10,PARTIDOS!$A:$I,7,FALSE)),3,1),0),"")
A11: Jugador 1 | B11: M10 | C11: Brasil | D11: Uruguay | G11: =IF(OR(ISBLANK(E11),ISBLANK(F11)),"",IF(E11>F11,"Local",IF(E11=F11,"Empate","Visitante"))) | H11: =IF(VLOOKUP(B11,PARTIDOS!$A:$I,9,FALSE)="Cerrado",IF(G11=VLOOKUP(B11,PARTIDOS!$A:$I,8,FALSE),IF(AND(E11=VLOOKUP(B11,PARTIDOS!$A:$I,6,FALSE),F11=VLOOKUP(B11,PARTIDOS!$A:$I,7,FALSE)),3,1),0),"")
A12: Jugador 1 | B12: M11 | C12: Argentina | D12: Uruguay | G12: =IF(OR(ISBLANK(E12),ISBLANK(F12)),"",IF(E12>F12,"Local",IF(E12=F12,"Empate","Visitante"))) | H12: =IF(VLOOKUP(B12,PARTIDOS!$A:$I,9,FALSE)="Cerrado",IF(G12=VLOOKUP(B12,PARTIDOS!$A:$I,8,FALSE),IF(AND(E12=VLOOKUP(B12,PARTIDOS!$A:$I,6,FALSE),F12=VLOOKUP(B12,PARTIDOS!$A:$I,7,FALSE)),3,1),0),"")
A13: Jugador 1 | B13: M12 | C13: Brasil | D13: Colombia | G13: =IF(OR(ISBLANK(E13),ISBLANK(F13)),"",IF(E13>F13,"Local",IF(E13=F13,"Empate","Visitante"))) | H13: =IF(VLOOKUP(B13,PARTIDOS!$A:$I,9,FALSE)="Cerrado",IF(G13=VLOOKUP(B13,PARTIDOS!$A:$I,8,FALSE),IF(AND(E13=VLOOKUP(B13,PARTIDOS!$A:$I,6,FALSE),F13=VLOOKUP(B13,PARTIDOS!$A:$I,7,FALSE)),3,1),0),"")
... A1441: Jugador 20 | B1441: M72 | C1441: Sudáfrica | D1441: Panáma | G1441: =IF(OR(ISBLANK(E1441),ISBLANK(F1441)),"",IF(E1441>F1441,"Local",IF(E1441=F1441,"Empate","Visitante"))) | H1441: =IF(VLOOKUP(B1441,PARTIDOS!$A:$I,9,FALSE)="Cerrado",IF(G1441=VLOOKUP(B1441,PARTIDOS!$A:$I,8,FALSE),IF(AND(E1441=VLOOKUP(B1441,PARTIDOS!$A:$I,6,FALSE),F1441=VLOOKUP(B1441,PARTIDOS!$A:$I,7,FALSE)),3,1),0),"")

Sheet JUGADORES
A1: Nombre | B1: Total Puntos | C1: Aciertos 3pts | D1: Aciertos 1pts | E1: Posición
A2: Jugador 1 | B2: =SUMIF(PRONÓSTICOS!$A:$A,A2,PRONÓSTICOS!$H:$H) | C2: =COUNTIFS(PRONÓSTICOS!$A:$A,A2,PRONÓSTICOS!$H:$H,3) | D2: =COUNTIFS(PRONÓSTICOS!$A:$A,A2,PRONÓSTICOS!$H:$H,1) | E2: =_xludf.RANK.EQ(B2,B$2:B$21)
A3: Jugador 2 | B3: =SUMIF(PRONÓSTICOS!$A:$A,A3,PRONÓSTICOS!$H:$H) | C3: =COUNTIFS(PRONÓSTICOS!$A:$A,A3,PRONÓSTICOS!$H:$H,3) | D3: =COUNTIFS(PRONÓSTICOS!$A:$A,A3,PRONÓSTICOS!$H:$H,1) | E3: =_xludf.RANK.EQ(B3,B$2:B$21)
A4: Jugador 3 | B4: =SUMIF(PRONÓSTICOS!$A:$A,A4,PRONÓSTICOS!$H:$H) | C4: =COUNTIFS(PRONÓSTICOS!$A:$A,A4,PRONÓSTICOS!$H:$H,3) | D4: =COUNTIFS(PRONÓSTICOS!$A:$A,A4,PRONÓSTICOS!$H:$H,1) | E4: =_xludf.RANK.EQ(B4,B$2:B$21)
A5: Jugador 4 | B5: =SUMIF(PRONÓSTICOS!$A:$A,A5,PRONÓSTICOS!$H:$H) | C5: =COUNTIFS(PRONÓSTICOS!$A:$A,A5,PRONÓSTICOS!$H:$H,3) | D5: =COUNTIFS(PRONÓSTICOS!$A:$A,A5,PRONÓSTICOS!$H:$H,1) | E5: =_xludf.RANK.EQ(B5,B$2:B$21)
A6: Jugador 5 | B6: =SUMIF(PRONÓSTICOS!$A:$A,A6,PRONÓSTICOS!$H:$H) | C6: =COUNTIFS(PRONÓSTICOS!$A:$A,A6,PRONÓSTICOS!$H:$H,3) | D6: =COUNTIFS(PRONÓSTICOS!$A:$A,A6,PRONÓSTICOS!$H:$H,1) | E6: =_xludf.RANK.EQ(B6,B$2:B$21)
A7: Jugador 6 | B7: =SUMIF(PRONÓSTICOS!$A:$A,A7,PRONÓSTICOS!$H:$H) | C7: =COUNTIFS(PRONÓSTICOS!$A:$A,A7,PRONÓSTICOS!$H:$H,3) | D7: =COUNTIFS(PRONÓSTICOS!$A:$A,A7,PRONÓSTICOS!$H:$H,1) | E7: =_xludf.RANK.EQ(B7,B$2:B$21)
A8: Jugador 7 | B8: =SUMIF(PRONÓSTICOS!$A:$A,A8,PRONÓSTICOS!$H:$H) | C8: =COUNTIFS(PRONÓSTICOS!$A:$A,A8,PRONÓSTICOS!$H:$H,3) | D8: =COUNTIFS(PRONÓSTICOS!$A:$A,A8,PRONÓSTICOS!$H:$H,1) | E8: =_xludf.RANK.EQ(B8,B$2:B$21)
A9: Jugador 8 | B9: =SUMIF(PRONÓSTICOS!$A:$A,A9,PRONÓSTICOS!$H:$H) | C9: =COUNTIFS(PRONÓSTICOS!$A:$A,A9,PRONÓSTICOS!$H:$H,3) | D9: =COUNTIFS(PRONÓSTICOS!$A:$A,A9,PRONÓSTICOS!$H:$H,1) | E9: =_xludf.RANK.EQ(B9,B$2:B$21)
A10: Jugador 9 | B10: =SUMIF(PRONÓSTICOS!$A:$A,A10,PRONÓSTICOS!$H:$H) | C10: =COUNTIFS(PRONÓSTICOS!$A:$A,A10,PRONÓSTICOS!$H:$H,3) | D10: =COUNTIFS(PRONÓSTICOS!$A:$A,A10,PRONÓSTICOS!$H:$H,1) | E10: =_xludf.RANK.EQ(B10,B$2:B$21)
A11: Jugador 10 | B11: =SUMIF(PRONÓSTICOS!$A:$A,A11,PRONÓSTICOS!$H:$H) | C11: =COUNTIFS(PRONÓSTICOS!$A:$A,A11,PRONÓSTICOS!$H:$H,3) | D11: =COUNTIFS(PRONÓSTICOS!$A:$A,A11,PRONÓSTICOS!$H:$H,1) | E11: =_xludf.RANK.EQ(B11,B$2:B$21)
A12: Jugador 11 | B12: =SUMIF(PRONÓSTICOS!$A:$A,A12,PRONÓSTICOS!$H:$H) | C12: =COUNTIFS(PRONÓSTICOS!$A:$A,A12,PRONÓSTICOS!$H:$H,3) | D12: =COUNTIFS(PRONÓSTICOS!$A:$A,A12,PRONÓSTICOS!$H:$H,1) | E12: =_xludf.RANK.EQ(B12,B$2:B$21)
A13: Jugador 12 | B13: =SUMIF(PRONÓSTICOS!$A:$A,A13,PRONÓSTICOS!$H:$H) | C13: =COUNTIFS(PRONÓSTICOS!$A:$A,A13,PRONÓSTICOS!$H:$H,3) | D13: =COUNTIFS(PRONÓSTICOS!$A:$A,A13,PRONÓSTICOS!$H:$H,1) | E13: =_xludf.RANK.EQ(B13,B$2:B$21)
... A21: Jugador 20 | B21: =SUMIF(PRONÓSTICOS!$A:$A,A21,PRONÓSTICOS!$H:$H) | C21: =COUNTIFS(PRONÓSTICOS!$A:$A,A21,PRONÓSTICOS!$H:$H,3) | D21: =COUNTIFS(PRONÓSTICOS!$A:$A,A21,PRONÓSTICOS!$H:$H,1) | E21: =_xludf.RANK.EQ(B21,B$2:B$21)
